file_name,Weight Quarter_1,Weight Density Quarter_1,Weight Quarter_2,Weight Density Quarter_2,Weight Quarter_3,Weight Density Quarter_3,Weight Quarter_4,Weight Density Quarter_4,Center of Gravity coordinate_x,Center of Gravity coordinate_y,Relative Center of Gravity coordinate_x,Relative Center of Gravity coordinate_y,Axial Moment of Inertia_x,Axial Moment of Inertia_y,Relative Axial Moment of Inertia_x,Relative Axial Moment of Inertia_y,Hypothesis
row1_38_preprocessed.bmp,386,0.5085638998682477,372,0.4901185770750988,389,0.5125164690382081,155,0.20421607378129117,29.50614439324117,20.178187403993856,0.43855606758832566,0.4261819423109746,155130.66052227383,458689.4508448545,3.201171405718246e-06,2.189165608221094e-06,"[('y', 0.9237038241884793), ('p', 0.8567527419617438), ('f', 0.8278534605878584), ('v', 0.8108649433832832), ('c', 0.7944974320546364), ('w', 0.7752204754199079), ('x', 0.7625200348317882), ('o', 0.7566020201061743), ('m', 0.7538760731519324), ('e', 0.7492278940974102), ('t', 0.7346656116681087), ('z', 0.7274112018300977), ('n', 0.727043233663595), ('h', 0.7211424607109106), ('k', 0.7070637171309582), ('b', 0.7051888105671397), ('u', 0.679880138400406), ('g', 0.6778437468037696), ('a', 0.6773531274114416), ('q', 0.673946569800931), ('d', 0.6711731597888312), ('s', 0.6691799924732633), ('r', 0.655325891637449), ('j', 0.5052556869656637), ('i', 0.4605394372697338), ('l', 0.46027214339127825)]"
row1_19_preprocessed.bmp,251,0.5432900432900433,314,0.6343434343434343,238,0.5,169,0.33137254901960783,30.318930041152264,13.732510288065845,0.4442262127447313,0.4547325102880659,30792.452674896802,341611.1316872429,8.030974921429623e-06,3.6375111384880425e-06,"[('f', 0.9383275849306151), ('p', 0.851595193466449), ('m', 0.8452064531406965), ('e', 0.844841381567516), ('w', 0.8444555440557809), ('v', 0.8297890957627496), ('y', 0.8206360595215257), ('n', 0.8188075144108209), ('o', 0.8184673463042798), ('t', 0.7949228644045848), ('x', 0.7949150103641365), ('c', 0.7945589778673798), ('z', 0.7810946453974763), ('g', 0.7504973508896333), ('q', 0.7352642776928466), ('a', 0.7349353947695623), ('u', 0.7293721113796506), ('h', 0.7232747577446921), ('s', 0.7192328490944262), ('d', 0.7171953990081354), ('b', 0.6985657360267797), ('k', 0.6737007771477422), ('r', 0.6194286272533224), ('j', 0.5481832942050119), ('i', 0.4952052248943158), ('l', 0.49487344423410934)]"
row1_27_preprocessed.bmp,390,0.5371900826446281,168,0.23140495867768596,528,0.7058823529411765,340,0.45454545454545453,37.53085553997195,15.284712482468443,0.5534978112116963,0.33220261587135913,205754.40673211752,432071.14235624124,4.318505789631306e-06,1.7587427304472046e-06,"[('k', 0.9680379210997385), ('b', 0.8519523893485749), ('h', 0.7932076071725646), ('c', 0.779797966898711), ('x', 0.728385639179091), ('p', 0.7226498883411508), ('o', 0.7222828727580585), ('u', 0.717790066659087), ('w', 0.707595778935191), ('v', 0.7013318257926604), ('a', 0.6944254085005876), ('e', 0.6900262659629873), ('y', 0.6882609837802973), ('s', 0.6867491207370521), ('t', 0.6795183052461825), ('m', 0.6723148465092345), ('n', 0.671089377079596), ('z', 0.6647946629096385), ('g', 0.6624142162434747), ('f', 0.6440520456220444), ('d', 0.6425713838583311), ('r', 0.6169240306098268), ('q', 0.6147222593312999), ('j', 0.4812803211432884), ('i', 0.4771419705346574), ('l', 0.47688616160997316)]"
row1_4_preprocessed.bmp,198,1.0,199,0.8614718614718615,204,1.0,204,0.8571428571428571,33.00745341614907,5.509316770186335,0.484961415396198,0.37577639751552794,9635.18012422359,299971.95527950313,4.3508660112159864e-05,7.2620867711952494e-06,"[('l', 0.8283622735152669), ('i', 0.8282937532492453), ('n', 0.5782749275369137), ('a', 0.574743445892615), ('e', 0.5746664913148916), ('u', 0.5714970777413434), ('s', 0.5688151995813321), ('g', 0.5659924244779352), ('m', 0.5558294146100757), ('z', 0.5516816070969971), ('o', 0.5473351657200216), ('w', 0.5384818739172752), ('p', 0.5366713700253309), ('h', 0.5333708620533599), ('b', 0.5327822035106528), ('t', 0.5324523198850278), ('c', 0.524415704077683), ('x', 0.5206007132762445), ('f', 0.5196894377368816), ('q', 0.5119075471185237), ('k', 0.5118463285041254), ('d', 0.5099875833418536), ('v', 0.504829787072627), ('r', 0.5001786930649427), ('y', 0.483365353974379), ('j', 0.47492862072592)]"
row1_33_preprocessed.bmp,249,0.5737327188940092,257,0.5526881720430108,169,0.37723214285714285,272,0.5666666666666667,30.874340021119323,14.610348468848997,0.48184419388902133,0.48608387388746416,31719.21858500515,310780.04646251485,9.249549652230268e-06,4.377069874418838e-06,"[('t', 0.9388381767681981), ('w', 0.873144385994472), ('q', 0.8688158321320225), ('m', 0.8580070646111071), ('o', 0.8578163874270218), ('x', 0.8460341537407337), ('s', 0.8457619404751138), ('g', 0.8427963757560044), ('n', 0.8403679772515349), ('v', 0.8335894302214057), ('e', 0.8160482065303493), ('c', 0.7982156520054211), ('u', 0.7908756867124677), ('h', 0.7754217938587528), ('a', 0.7683408407338082), ('f', 0.7558432486191923), ('d', 0.7474630223952863), ('b', 0.7333773287655035), ('p', 0.7311217696232193), ('y', 0.7260184832891108), ('z', 0.6954995713272477), ('k', 0.6671298863394917), ('j', 0.5814276130235467), ('r', 0.5542500360772598), ('i', 0.5053987629412722), ('l', 0.5050697983520134)]"
row1_12_preprocessed.bmp,345,0.6571428571428571,338,0.6145454545454545,275,0.5238095238095238,275,0.5,22.854825628548255,20.596918085969182,0.44601684956220927,0.46659328776117104,277382.66828872566,257123.01378751005,4.944256490762197e-06,4.455796232767806e-06,"[('n', 0.9789274104025067), ('m', 0.9368225563539945), ('e', 0.9230573008215539), ('w', 0.8702365744825397), ('o', 0.8627062653933736), ('t', 0.8492094313305698), ('g', 0.8243821929666973), ('s', 0.8205510176925044), ('x', 0.8016434609809355), ('f', 0.8001085327691322), ('p', 0.7997135160719832), ('c', 0.7982575682275365), ('v', 0.7954309669256276), ('u', 0.7937252438164154), ('a', 0.7835718540012119), ('h', 0.7678493263496623), ('q', 0.7665909954287466), ('z', 0.7458136471491889), ('b', 0.7334461132214454), ('y', 0.7303935961059803), ('d', 0.7114396696539061), ('k', 0.6778559250111258), ('r', 0.6013451768282232), ('j', 0.5571057850150208), ('i', 0.5369333203568014), ('l', 0.5365820168158645)]"
row1_28_preprocessed.bmp,557,0.6365714285714286,519,0.5931428571428572,400,0.45714285714285713,425,0.4857142857142857,22.351920042083115,34.19831667543398,0.43575347024659417,0.4811350242816519,998094.2346133764,402699.56549184525,1.8246465340476012e-06,2.7916993204435903e-06,"[('m', 0.977136421642137), ('n', 0.9269960333758608), ('t', 0.8942023246304582), ('w', 0.8932621155600173), ('e', 0.8837125734487205), ('o', 0.867552470362145), ('v', 0.8306696723024216), ('s', 0.8217550273036587), ('x', 0.8213602349959184), ('g', 0.820327199823791), ('f', 0.8128245988043886), ('c', 0.808144289151743), ('q', 0.8022737289219034), ('p', 0.7922572386792148), ('u', 0.7790851374479899), ('h', 0.772229754993412), ('a', 0.7653091765936094), ('y', 0.7504940544425981), ('b', 0.7307648815219051), ('z', 0.7275840014782022), ('d', 0.7174762044945852), ('k', 0.6730775587713135), ('r', 0.592633246021279), ('j', 0.5596154459496786), ('i', 0.5188843324359347), ('l', 0.5185569622059121)]"
row1_16_preprocessed.bmp,386,0.5085638998682477,372,0.4901185770750988,389,0.5125164690382081,155,0.20421607378129117,29.50614439324117,20.178187403993856,0.43855606758832566,0.4261819423109746,155130.66052227383,458689.4508448545,3.201171405718246e-06,2.189165608221094e-06,"[('y', 0.9237038241884793), ('p', 0.8567527419617438), ('f', 0.8278534605878584), ('v', 0.8108649433832832), ('c', 0.7944974320546364), ('w', 0.7752204754199079), ('x', 0.7625200348317882), ('o', 0.7566020201061743), ('m', 0.7538760731519324), ('e', 0.7492278940974102), ('t', 0.7346656116681087), ('z', 0.7274112018300977), ('n', 0.727043233663595), ('h', 0.7211424607109106), ('k', 0.7070637171309582), ('b', 0.7051888105671397), ('u', 0.679880138400406), ('g', 0.6778437468037696), ('a', 0.6773531274114416), ('q', 0.673946569800931), ('d', 0.6711731597888312), ('s', 0.6691799924732633), ('r', 0.655325891637449), ('j', 0.5052556869656637), ('i', 0.4605394372697338), ('l', 0.46027214339127825)]"
row1_37_preprocessed.bmp,366,0.5545454545454546,392,0.5656565656565656,397,0.5838235294117647,442,0.6190476190476191,35.134627426424544,17.262366938008768,0.5171913246427962,0.4065591734502192,202773.06825297498,551164.055103318,4.656054270068396e-06,2.287615471702826e-06,"[('u', 0.8946437031753859), ('a', 0.8776089982771573), ('o', 0.8679071722744839), ('g', 0.8631135948421911), ('e', 0.851870455420927), ('w', 0.8358445553089634), ('n', 0.8344845003241869), ('s', 0.829276741887159), ('x', 0.8174936220000527), ('m', 0.807177801315305), ('t', 0.8034412059723236), ('c', 0.7991586308440118), ('h', 0.7800739481789255), ('b', 0.7689572225959364), ('v', 0.762569084588071), ('d', 0.7547544679600812), ('z', 0.7540142183392193), ('p', 0.7460227640922539), ('q', 0.7415158894078125), ('f', 0.7244591626112178), ('k', 0.7113119261250384), ('y', 0.6909361597836302), ('j', 0.5768236305801827), ('r', 0.5688862183251125), ('i', 0.5436909103163367), ('l', 0.5432515528703095)]"
row1_23_preprocessed.bmp,295,0.8428571428571429,162,0.432,275,0.7857142857142857,0,0.0,20.565573770491802,8.930327868852459,0.3992974238875878,0.2832259953161592,40355.44672131142,152209.85245901602,9.781485741018693e-06,4.247480555934582e-06,"[('r', 0.9706160808994312), ('p', 0.6890021399484841), ('y', 0.6368929467631431), ('f', 0.6261145521245952), ('k', 0.6224897386195284), ('c', 0.6154435716486037), ('e', 0.6076747650094922), ('h', 0.6053806861950212), ('m', 0.6046778131331164), ('b', 0.603540697271026), ('n', 0.5994339845982567), ('z', 0.5947981235489784), ('v', 0.5945685400608889), ('w', 0.5944081921709445), ('o', 0.5902488848308793), ('x', 0.5784468874789334), ('t', 0.576317781953024), ('s', 0.5607534638288575), ('u', 0.5582866692763403), ('a', 0.5541295192072302), ('g', 0.5456945657932082), ('q', 0.52609777667178), ('d', 0.5191847484650184), ('i', 0.4560246396710204), ('l', 0.4559378905043119), ('j', 0.4173688409794593)]"
row1_0_preprocessed.bmp,696,0.4904862579281184,717,0.493801652892562,661,0.4521203830369357,658,0.43983957219251335,31.75402635431918,42.88506588579795,0.4659700962775633,0.48703564983485986,1483851.9106881425,923342.7057101232,9.345675346129246e-07,1.2621703417825465e-06,"[('v', 0.9438066395893265), ('x', 0.9270919509933467), ('w', 0.9222399399003025), ('o', 0.8933243132264828), ('c', 0.8828753129095462), ('t', 0.8651262398148438), ('m', 0.838121462372222), ('e', 0.8237573700029991), ('y', 0.8172078876342116), ('n', 0.8075131769734569), ('f', 0.8051488774823129), ('g', 0.7967260608189287), ('p', 0.7963168793142411), ('h', 0.7922558578518366), ('q', 0.7920882019871974), ('u', 0.7850942277006394), ('s', 0.7746469022777439), ('a', 0.7709991149743969), ('d', 0.7676477904888827), ('b', 0.7614997853065735), ('z', 0.7415656334401193), ('k', 0.7167188216118046), ('r', 0.5849534769153242), ('j', 0.5584932556553149), ('i', 0.48470652452733287), ('l', 0.4843706213185006)]"
row1_5_preprocessed.bmp,471,0.5772058823529411,447,0.5477941176470589,410,0.5024509803921569,410,0.5024509803921569,22.54602991944764,32.49884925201381,0.45842616849888596,0.4701320783882659,578418.4976985028,302330.8176064442,2.116263681585024e-06,3.050476496796399e-06,"[('w', 0.9531572178064882), ('o', 0.9410547447621644), ('m', 0.9090825338340781), ('e', 0.9013485144755674), ('n', 0.8959788842240912), ('t', 0.8898801489408993), ('x', 0.8764216470265558), ('c', 0.8574998941305746), ('v', 0.8540635009298541), ('g', 0.8470526624274596), ('s', 0.831673420345333), ('u', 0.8265808770534653), ('a', 0.8084355487487386), ('p', 0.8047505133942336), ('h', 0.8030982050120519), ('f', 0.799481882400772), ('q', 0.792354533456893), ('b', 0.767589125268855), ('y', 0.7615347427866962), ('z', 0.7533493503472085), ('d', 0.7496859799920107), ('k', 0.7080984811362611), ('r', 0.5918643100021809), ('j', 0.5630413133226495), ('i', 0.5162385676397823), ('l', 0.5158772784458686)]"
row1_18_preprocessed.bmp,386,0.5085638998682477,372,0.4901185770750988,389,0.5125164690382081,155,0.20421607378129117,29.50614439324117,20.178187403993856,0.43855606758832566,0.4261819423109746,155130.66052227383,458689.4508448545,3.201171405718246e-06,2.189165608221094e-06,"[('y', 0.9237038241884793), ('p', 0.8567527419617438), ('f', 0.8278534605878584), ('v', 0.8108649433832832), ('c', 0.7944974320546364), ('w', 0.7752204754199079), ('x', 0.7625200348317882), ('o', 0.7566020201061743), ('m', 0.7538760731519324), ('e', 0.7492278940974102), ('t', 0.7346656116681087), ('z', 0.7274112018300977), ('n', 0.727043233663595), ('h', 0.7211424607109106), ('k', 0.7070637171309582), ('b', 0.7051888105671397), ('u', 0.679880138400406), ('g', 0.6778437468037696), ('a', 0.6773531274114416), ('q', 0.673946569800931), ('d', 0.6711731597888312), ('s', 0.6691799924732633), ('r', 0.655325891637449), ('j', 0.5052556869656637), ('i', 0.4605394372697338), ('l', 0.46027214339127825)]"
row1_26_preprocessed.bmp,315,0.525,324,0.5184,338,0.5416666666666666,345,0.5307692307692308,25.37897125567322,23.936459909228443,0.4875794251134644,0.47784291477559254,280896.66263237526,287951.13540090696,4.063885859373477e-06,3.832899291645981e-06,"[('o', 0.9757619902119321), ('w', 0.9249226163122449), ('x', 0.9059688296144022), ('e', 0.8758823590952455), ('u', 0.8729514767785296), ('c', 0.8719088252749135), ('g', 0.8619326898431938), ('t', 0.8528921694387145), ('a', 0.8501327383036787), ('n', 0.8474323028372244), ('m', 0.8474141352152337), ('v', 0.839778210350252), ('s', 0.8234840308408349), ('h', 0.8092538727158485), ('b', 0.7875121071835862), ('p', 0.7864791150911783), ('d', 0.7807887327846748), ('q', 0.7759730254612677), ('f', 0.7697135924896233), ('z', 0.7676842324213063), ('y', 0.7495682812591219), ('k', 0.7292530161835871), ('r', 0.5818548398363655), ('j', 0.5688462121975669), ('i', 0.5149833130844589), ('l', 0.5145912886498016)]"
row1_13_preprocessed.bmp,415,0.530690537084399,486,0.5955882352941176,432,0.5524296675191815,551,0.6752450980392157,33.61624203821656,24.97027600849257,0.48680958265994867,0.5210929567063601,389070.3354564751,741699.542993632,3.291058640867629e-06,2.444611224811342e-06,"[('g', 0.9567604378141485), ('u', 0.8967941122366095), ('a', 0.8877851054004225), ('o', 0.8457063701868965), ('s', 0.8306631274594556), ('e', 0.8246644769589913), ('w', 0.8202035796786348), ('n', 0.8193066560226887), ('x', 0.8055339525630042), ('t', 0.7995708484506964), ('m', 0.7953380272113374), ('d', 0.786027805147799), ('q', 0.7809784760036127), ('c', 0.7633007187272866), ('v', 0.7500792468325751), ('h', 0.7410542478960299), ('z', 0.736971982744494), ('b', 0.7253203451429528), ('f', 0.7096090632298011), ('p', 0.7063219438393631), ('y', 0.6700073892772593), ('k', 0.6673844089949819), ('j', 0.6084513524645162), ('i', 0.5454435715447896), ('l', 0.5449467440833072), ('r', 0.5409866370292868)]"
row1_32_preprocessed.bmp,315,0.525,324,0.5184,338,0.5416666666666666,345,0.5307692307692308,25.37897125567322,23.936459909228443,0.4875794251134644,0.47784291477559254,280896.66263237526,287951.13540090696,4.063885859373477e-06,3.832899291645981e-06,"[('o', 0.9757619902119321), ('w', 0.9249226163122449), ('x', 0.9059688296144022), ('e', 0.8758823590952455), ('u', 0.8729514767785296), ('c', 0.8719088252749135), ('g', 0.8619326898431938), ('t', 0.8528921694387145), ('a', 0.8501327383036787), ('n', 0.8474323028372244), ('m', 0.8474141352152337), ('v', 0.839778210350252), ('s', 0.8234840308408349), ('h', 0.8092538727158485), ('b', 0.7875121071835862), ('p', 0.7864791150911783), ('d', 0.7807887327846748), ('q', 0.7759730254612677), ('f', 0.7697135924896233), ('z', 0.7676842324213063), ('y', 0.7495682812591219), ('k', 0.7292530161835871), ('r', 0.5818548398363655), ('j', 0.5688462121975669), ('i', 0.5149833130844589), ('l', 0.5145912886498016)]"
row1_36_preprocessed.bmp,308,0.5356521739130434,243,0.4226086956521739,327,0.5468227424749164,262,0.43812709030100333,25.303508771929824,20.621052631578948,0.4860701754385965,0.43602339181286554,196230.29473684207,278920.98596491164,4.597531698933925e-06,3.7467508555272378e-06,"[('c', 0.974007060937302), ('x', 0.8861874496707888), ('o', 0.8806285653905427), ('w', 0.8748589846114389), ('v', 0.8605178401586903), ('h', 0.8542296372904848), ('b', 0.8352474181606877), ('p', 0.828555812049351), ('t', 0.8193208209490115), ('e', 0.8192011495465079), ('m', 0.8110856848196599), ('u', 0.7991452701478367), ('y', 0.799039526104797), ('n', 0.7952594206154968), ('k', 0.7890036569152304), ('s', 0.778148900167129), ('a', 0.7746132651394251), ('g', 0.7701082790963726), ('f', 0.7673266222308888), ('z', 0.7414881789335412), ('d', 0.7291355308522298), ('q', 0.7279442824754684), ('r', 0.6144509151202788), ('j', 0.5310904611834976), ('i', 0.49184862997977596), ('l', 0.4915329655186027)]"
row1_29_preprocessed.bmp,340,0.591304347826087,352,0.6121739130434782,371,0.6204013377926422,317,0.5301003344481605,25.184057971014493,22.036231884057973,0.4836811594202899,0.4674718196457327,229406.18840579694,268369.24927536224,4.575828035279163e-06,4.003882446706547e-06,"[('e', 0.9351312781576736), ('n', 0.8829674493844846), ('o', 0.8747718198480718), ('w', 0.8533626753740243), ('a', 0.8525141226778902), ('m', 0.8482854458449243), ('u', 0.8481988005085024), ('g', 0.84583455127316), ('x', 0.8063245121331951), ('c', 0.8008712192172774), ('t', 0.800353674741572), ('s', 0.7995739271670913), ('z', 0.7981070511354019), ('p', 0.7912524068964379), ('f', 0.77164344869654), ('v', 0.7715314885762703), ('h', 0.7613724202226854), ('b', 0.7456686584107381), ('d', 0.742236267004331), ('q', 0.7348127499182443), ('y', 0.7138516826176339), ('k', 0.6987705608828471), ('r', 0.595196652848715), ('j', 0.5663126791746194), ('i', 0.5478518826914703), ('l', 0.547415432303041)]"
row1_17_preprocessed.bmp,557,0.6365714285714286,521,0.5788888888888889,400,0.45714285714285713,425,0.4722222222222222,22.331056227009984,34.23594324750394,0.4353276781022446,0.47479918925005626,1000655.061481888,403487.43457698566,1.7719544714945434e-06,2.716599345169922e-06,"[('m', 0.9745851616232916), ('n', 0.9168831191058118), ('w', 0.8979186456775062), ('t', 0.8961791315043861), ('e', 0.8803207975198041), ('o', 0.8694303894820598), ('v', 0.839733912665349), ('x', 0.8257876636706435), ('s', 0.8184652644348451), ('c', 0.8174029424201126), ('f', 0.8171333488484104), ('g', 0.8115639321237627), ('p', 0.8017011080826377), ('q', 0.7965027720544594), ('h', 0.7795230843871864), ('u', 0.7760570659940838), ('a', 0.7610907963248095), ('y', 0.7599293549462068), ('b', 0.7367871369231271), ('z', 0.7268373635192574), ('d', 0.7144866884792102), ('k', 0.6792906606924132), ('r', 0.5978324518301799), ('j', 0.5546465143671632), ('i', 0.5152567239682782), ('l', 0.5149390757539406)]"
row1_1_preprocessed.bmp,451,0.6507936507936508,236,0.325068870523416,378,0.5294117647058824,377,0.5040106951871658,35.39667128987517,18.346740638002775,0.5211616862102298,0.4130176342381613,322620.6296809983,432511.1040221932,4.264576469043814e-06,2.2104078026923543e-06,"[('h', 0.9790599839497938), ('b', 0.9108067616474795), ('c', 0.859164077968137), ('o', 0.8047804536764026), ('x', 0.8042403008873114), ('s', 0.8029157555421135), ('k', 0.7985491898905698), ('w', 0.7959384770822037), ('t', 0.7934452493556842), ('v', 0.7825048017484402), ('u', 0.7696905729159964), ('m', 0.768985778693909), ('n', 0.761046219163267), ('e', 0.7610104061771971), ('p', 0.7597109959547675), ('g', 0.7331109132076927), ('a', 0.7286829846322793), ('y', 0.7268452143222953), ('q', 0.698656035299194), ('f', 0.6973957492453876), ('d', 0.6714557539180817), ('z', 0.6698917159526309), ('r', 0.608885905320986), ('j', 0.5067240617024915), ('i', 0.49456866046900394), ('l', 0.494337265895175)]"
row1_22_preprocessed.bmp,340,0.591304347826087,352,0.6121739130434782,371,0.6204013377926422,317,0.5301003344481605,25.184057971014493,22.036231884057973,0.4836811594202899,0.4674718196457327,229406.18840579694,268369.24927536224,4.575828035279163e-06,4.003882446706547e-06,"[('e', 0.9351312781576736), ('n', 0.8829674493844846), ('o', 0.8747718198480718), ('w', 0.8533626753740243), ('a', 0.8525141226778902), ('m', 0.8482854458449243), ('u', 0.8481988005085024), ('g', 0.84583455127316), ('x', 0.8063245121331951), ('c', 0.8008712192172774), ('t', 0.800353674741572), ('s', 0.7995739271670913), ('z', 0.7981070511354019), ('p', 0.7912524068964379), ('f', 0.77164344869654), ('v', 0.7715314885762703), ('h', 0.7613724202226854), ('b', 0.7456686584107381), ('d', 0.742236267004331), ('q', 0.7348127499182443), ('y', 0.7138516826176339), ('k', 0.6987705608828471), ('r', 0.595196652848715), ('j', 0.5663126791746194), ('i', 0.5478518826914703), ('l', 0.547415432303041)]"
row1_10_preprocessed.bmp,315,0.525,324,0.5184,338,0.5416666666666666,345,0.5307692307692308,25.37897125567322,23.936459909228443,0.4875794251134644,0.47784291477559254,280896.66263237526,287951.13540090696,4.063885859373477e-06,3.832899291645981e-06,"[('o', 0.9757619902119321), ('w', 0.9249226163122449), ('x', 0.9059688296144022), ('e', 0.8758823590952455), ('u', 0.8729514767785296), ('c', 0.8719088252749135), ('g', 0.8619326898431938), ('t', 0.8528921694387145), ('a', 0.8501327383036787), ('n', 0.8474323028372244), ('m', 0.8474141352152337), ('v', 0.839778210350252), ('s', 0.8234840308408349), ('h', 0.8092538727158485), ('b', 0.7875121071835862), ('p', 0.7864791150911783), ('d', 0.7807887327846748), ('q', 0.7759730254612677), ('f', 0.7697135924896233), ('z', 0.7676842324213063), ('y', 0.7495682812591219), ('k', 0.7292530161835871), ('r', 0.5818548398363655), ('j', 0.5688462121975669), ('i', 0.5149833130844589), ('l', 0.5145912886498016)]"
row1_31_preprocessed.bmp,249,0.5737327188940092,257,0.5526881720430108,169,0.37723214285714285,272,0.5666666666666667,30.874340021119323,14.610348468848997,0.48184419388902133,0.48608387388746416,31719.21858500515,310780.04646251485,9.249549652230268e-06,4.377069874418838e-06,"[('t', 0.9388381767681981), ('w', 0.873144385994472), ('q', 0.8688158321320225), ('m', 0.8580070646111071), ('o', 0.8578163874270218), ('x', 0.8460341537407337), ('s', 0.8457619404751138), ('g', 0.8427963757560044), ('n', 0.8403679772515349), ('v', 0.8335894302214057), ('e', 0.8160482065303493), ('c', 0.7982156520054211), ('u', 0.7908756867124677), ('h', 0.7754217938587528), ('a', 0.7683408407338082), ('f', 0.7558432486191923), ('d', 0.7474630223952863), ('b', 0.7333773287655035), ('p', 0.7311217696232193), ('y', 0.7260184832891108), ('z', 0.6954995713272477), ('k', 0.6671298863394917), ('j', 0.5814276130235467), ('r', 0.5542500360772598), ('i', 0.5053987629412722), ('l', 0.5050697983520134)]"
row1_6_preprocessed.bmp,282,0.47,339,0.565,421,0.6746794871794872,415,0.6650641025641025,26.963623884694577,23.512697323266988,0.5192724776938915,0.4789935600695104,249242.01509951983,328021.0720658891,4.499408594967243e-06,3.923553928788571e-06,"[('a', 0.9560355810730597), ('u', 0.9147811610901747), ('g', 0.8450132354975988), ('o', 0.8146947933708715), ('e', 0.7957395047843708), ('d', 0.7846191342109414), ('x', 0.782670075286972), ('w', 0.7811356746226701), ('z', 0.7692932537351784), ('s', 0.7682244909738147), ('n', 0.7663931645743343), ('c', 0.7579710957213472), ('m', 0.7435492777416153), ('t', 0.739609934146937), ('b', 0.7362170872996033), ('h', 0.7306355130651884), ('v', 0.7205893129271459), ('q', 0.7085486628563674), ('p', 0.7058665657066051), ('k', 0.6971046170034825), ('f', 0.6872262531076674), ('y', 0.6600506170601078), ('j', 0.591628086598212), ('r', 0.5472356196555394), ('i', 0.5465978209887064), ('l', 0.5460517282894177)]"
row1_25_preprocessed.bmp,315,0.525,324,0.5184,338,0.5416666666666666,345,0.5307692307692308,25.37897125567322,23.936459909228443,0.4875794251134644,0.47784291477559254,280896.66263237526,287951.13540090696,4.063885859373477e-06,3.832899291645981e-06,"[('o', 0.9757619902119321), ('w', 0.9249226163122449), ('x', 0.9059688296144022), ('e', 0.8758823590952455), ('u', 0.8729514767785296), ('c', 0.8719088252749135), ('g', 0.8619326898431938), ('t', 0.8528921694387145), ('a', 0.8501327383036787), ('n', 0.8474323028372244), ('m', 0.8474141352152337), ('v', 0.839778210350252), ('s', 0.8234840308408349), ('h', 0.8092538727158485), ('b', 0.7875121071835862), ('p', 0.7864791150911783), ('d', 0.7807887327846748), ('q', 0.7759730254612677), ('f', 0.7697135924896233), ('z', 0.7676842324213063), ('y', 0.7495682812591219), ('k', 0.7292530161835871), ('r', 0.5818548398363655), ('j', 0.5688462121975669), ('i', 0.5149833130844589), ('l', 0.5145912886498016)]"
row1_2_preprocessed.bmp,340,0.591304347826087,352,0.6121739130434782,371,0.6204013377926422,317,0.5301003344481605,25.184057971014493,22.036231884057973,0.4836811594202899,0.4674718196457327,229406.18840579694,268369.24927536224,4.575828035279163e-06,4.003882446706547e-06,"[('e', 0.9351312781576736), ('n', 0.8829674493844846), ('o', 0.8747718198480718), ('w', 0.8533626753740243), ('a', 0.8525141226778902), ('m', 0.8482854458449243), ('u', 0.8481988005085024), ('g', 0.84583455127316), ('x', 0.8063245121331951), ('c', 0.8008712192172774), ('t', 0.800353674741572), ('s', 0.7995739271670913), ('z', 0.7981070511354019), ('p', 0.7912524068964379), ('f', 0.77164344869654), ('v', 0.7715314885762703), ('h', 0.7613724202226854), ('b', 0.7456686584107381), ('d', 0.742236267004331), ('q', 0.7348127499182443), ('y', 0.7138516826176339), ('k', 0.6987705608828471), ('r', 0.595196652848715), ('j', 0.5663126791746194), ('i', 0.5478518826914703), ('l', 0.547415432303041)]"
row1_21_preprocessed.bmp,451,0.6507936507936508,236,0.325068870523416,378,0.5294117647058824,377,0.5040106951871658,35.39667128987517,18.346740638002775,0.5211616862102298,0.4130176342381613,322620.6296809983,432511.1040221932,4.264576469043814e-06,2.2104078026923543e-06,"[('h', 0.9790599839497938), ('b', 0.9108067616474795), ('c', 0.859164077968137), ('o', 0.8047804536764026), ('x', 0.8042403008873114), ('s', 0.8029157555421135), ('k', 0.7985491898905698), ('w', 0.7959384770822037), ('t', 0.7934452493556842), ('v', 0.7825048017484402), ('u', 0.7696905729159964), ('m', 0.768985778693909), ('n', 0.761046219163267), ('e', 0.7610104061771971), ('p', 0.7597109959547675), ('g', 0.7331109132076927), ('a', 0.7286829846322793), ('y', 0.7268452143222953), ('q', 0.698656035299194), ('f', 0.6973957492453876), ('d', 0.6714557539180817), ('z', 0.6698917159526309), ('r', 0.608885905320986), ('j', 0.5067240617024915), ('i', 0.49456866046900394), ('l', 0.494337265895175)]"
row1_35_preprocessed.bmp,340,0.591304347826087,352,0.6121739130434782,371,0.6204013377926422,317,0.5301003344481605,25.184057971014493,22.036231884057973,0.4836811594202899,0.4674718196457327,229406.18840579694,268369.24927536224,4.575828035279163e-06,4.003882446706547e-06,"[('e', 0.9351312781576736), ('n', 0.8829674493844846), ('o', 0.8747718198480718), ('w', 0.8533626753740243), ('a', 0.8525141226778902), ('m', 0.8482854458449243), ('u', 0.8481988005085024), ('g', 0.84583455127316), ('x', 0.8063245121331951), ('c', 0.8008712192172774), ('t', 0.800353674741572), ('s', 0.7995739271670913), ('z', 0.7981070511354019), ('p', 0.7912524068964379), ('f', 0.77164344869654), ('v', 0.7715314885762703), ('h', 0.7613724202226854), ('b', 0.7456686584107381), ('d', 0.742236267004331), ('q', 0.7348127499182443), ('y', 0.7138516826176339), ('k', 0.6987705608828471), ('r', 0.595196652848715), ('j', 0.5663126791746194), ('i', 0.5478518826914703), ('l', 0.547415432303041)]"
row1_14_preprocessed.bmp,483,0.6176470588235294,239,0.2928921568627451,471,0.6023017902813299,439,0.5379901960784313,38.17892156862745,19.28125,0.5549092771436933,0.39741847826086957,370631.90625,541057.7549019624,3.7377488413069773e-06,1.8876507477275254e-06,"[('b', 0.9780586278598412), ('h', 0.9060676413553986), ('k', 0.8410260595698466), ('c', 0.8300804273579454), ('o', 0.7814534903824369), ('x', 0.7812443309465823), ('u', 0.7764927370500959), ('s', 0.7749726931803026), ('w', 0.7637246764445116), ('t', 0.7495221144910372), ('v', 0.7447429070348356), ('e', 0.7392591234127367), ('p', 0.7356641130396567), ('a', 0.7350988696476086), ('m', 0.7303809573581314), ('n', 0.730225582390322), ('g', 0.720532651405954), ('y', 0.6981583026873212), ('d', 0.6699177929916912), ('z', 0.669853607076021), ('q', 0.6694977481512454), ('f', 0.6693564231384513), ('r', 0.6005825524919454), ('j', 0.503363924285869), ('i', 0.49736206962420987), ('l', 0.4971124486670072)]"
row1_9_preprocessed.bmp,386,0.5085638998682477,372,0.4901185770750988,389,0.5125164690382081,155,0.20421607378129117,29.50614439324117,20.178187403993856,0.43855606758832566,0.4261819423109746,155130.66052227383,458689.4508448545,3.201171405718246e-06,2.189165608221094e-06,"[('y', 0.9237038241884793), ('p', 0.8567527419617438), ('f', 0.8278534605878584), ('v', 0.8108649433832832), ('c', 0.7944974320546364), ('w', 0.7752204754199079), ('x', 0.7625200348317882), ('o', 0.7566020201061743), ('m', 0.7538760731519324), ('e', 0.7492278940974102), ('t', 0.7346656116681087), ('z', 0.7274112018300977), ('n', 0.727043233663595), ('h', 0.7211424607109106), ('k', 0.7070637171309582), ('b', 0.7051888105671397), ('u', 0.679880138400406), ('g', 0.6778437468037696), ('a', 0.6773531274114416), ('q', 0.673946569800931), ('d', 0.6711731597888312), ('s', 0.6691799924732633), ('r', 0.655325891637449), ('j', 0.5052556869656637), ('i', 0.4605394372697338), ('l', 0.46027214339127825)]"
row1_30_preprocessed.bmp,543,0.6703703703703704,314,0.38765432098765434,683,0.8160095579450418,341,0.4074074074074074,32.759170653907496,22.43168527379054,0.5293195108984583,0.40437142026019884,584499.4715576832,460699.90430622105,3.0191570784720076e-06,2.0673533555509236e-06,"[('k', 0.7926425508676648), ('b', 0.7800695514462725), ('p', 0.7672318025599707), ('c', 0.755196643734115), ('h', 0.754855006464605), ('e', 0.7332449818808805), ('o', 0.727625635234603), ('u', 0.7222476099892116), ('w', 0.7131710310244174), ('n', 0.7087534074217922), ('a', 0.7083552854572981), ('z', 0.7066336379856384), ('x', 0.7051688683075604), ('m', 0.7008038551808603), ('s', 0.6910231132429407), ('v', 0.685323767103287), ('y', 0.680165198641479), ('t', 0.6777209622713483), ('g', 0.67370347248964), ('r', 0.6734416373156965), ('f', 0.6728790127705129), ('d', 0.6311739300357814), ('q', 0.609529922029994), ('i', 0.5175066773509971), ('l', 0.5172488277629501), ('j', 0.48122470507909565)]"
row1_11_preprocessed.bmp,264,0.5238095238095238,264,0.5,331,0.6304761904761905,365,0.6636363636363637,25.979575163398692,21.547385620915033,0.5204078159041394,0.48922346716464366,274203.25163398765,252668.4893790837,5.851981893113017e-06,4.853617108995966e-06,"[('u', 0.973613435670138), ('a', 0.9042491737296472), ('g', 0.8578911230267771), ('o', 0.8424255817186483), ('s', 0.817769806177022), ('x', 0.8105900627863113), ('w', 0.8050091051433997), ('e', 0.8047588820327614), ('c', 0.7896166117936826), ('n', 0.7851371048765399), ('b', 0.7785092412893612), ('h', 0.7767417787204638), ('t', 0.7718913129156765), ('d', 0.7670965298679588), ('m', 0.764849201889884), ('v', 0.7425675035588154), ('z', 0.738557915434859), ('q', 0.7270537593386304), ('k', 0.7188921424888438), ('p', 0.7155984018999471), ('f', 0.6897507691477923), ('y', 0.6716939009696851), ('j', 0.575148242461382), ('r', 0.5544234849919276), ('i', 0.5396347181381426), ('l', 0.5391694837794314)]"
row1_24_preprocessed.bmp,249,0.5737327188940092,257,0.5526881720430108,169,0.37723214285714285,272,0.5666666666666667,30.874340021119323,14.610348468848997,0.48184419388902133,0.48608387388746416,31719.21858500515,310780.04646251485,9.249549652230268e-06,4.377069874418838e-06,"[('t', 0.9388381767681981), ('w', 0.873144385994472), ('q', 0.8688158321320225), ('m', 0.8580070646111071), ('o', 0.8578163874270218), ('x', 0.8460341537407337), ('s', 0.8457619404751138), ('g', 0.8427963757560044), ('n', 0.8403679772515349), ('v', 0.8335894302214057), ('e', 0.8160482065303493), ('c', 0.7982156520054211), ('u', 0.7908756867124677), ('h', 0.7754217938587528), ('a', 0.7683408407338082), ('f', 0.7558432486191923), ('d', 0.7474630223952863), ('b', 0.7333773287655035), ('p', 0.7311217696232193), ('y', 0.7260184832891108), ('z', 0.6954995713272477), ('k', 0.6671298863394917), ('j', 0.5814276130235467), ('r', 0.5542500360772598), ('i', 0.5053987629412722), ('l', 0.5050697983520134)]"
row1_7_preprocessed.bmp,369,0.7028571428571428,244,0.46476190476190476,284,0.5201465201465202,376,0.6886446886446886,25.488609583660644,19.842105263157894,0.4897721916732129,0.45956354300385105,168733.26315789483,285126.0848389636,5.5552961018090555e-06,4.324628601583966e-06,"[('s', 0.9359995688003285), ('u', 0.8168273769120507), ('h', 0.8101656119730547), ('g', 0.8053546996932621), ('n', 0.805046188429275), ('t', 0.8040307441243281), ('o', 0.8000699389312094), ('m', 0.7864235497686158), ('w', 0.7837059955337141), ('e', 0.7793491619176941), ('b', 0.7784441480893011), ('a', 0.7694284590810861), ('x', 0.7686886053954056), ('c', 0.7658917293618577), ('q', 0.7388683732539911), ('v', 0.7316772883498991), ('p', 0.7016107809561469), ('k', 0.6902427243550158), ('d', 0.6827600937788166), ('f', 0.6752785159536187), ('z', 0.6636530110441702), ('y', 0.6567326819270891), ('r', 0.5600280015793931), ('j', 0.5452289130818618), ('i', 0.5443024842279378), ('l', 0.543995615298512)]"
row1_20_preprocessed.bmp,413,0.33963815789473684,576,0.46153846153846156,782,0.6430921052631579,633,0.5072115384615384,36.383111480865225,38.91430948419301,0.5616366901724639,0.4988724932130659,1158318.3477537448,686218.1543261175,1.4981608325827478e-06,1.6023889085704687e-06,"[('d', 0.8168751329668679), ('x', 0.8168133712610128), ('a', 0.8161019955107454), ('u', 0.8078766517749574), ('o', 0.8008647821890773), ('c', 0.7956821708524495), ('w', 0.778690645909365), ('z', 0.7781885135185626), ('g', 0.7602429507644534), ('v', 0.7578586309895853), ('e', 0.7529124786856068), ('b', 0.7490502224329321), ('k', 0.7437481984523809), ('h', 0.7331890615695188), ('t', 0.7243427232283632), ('p', 0.7231036769748341), ('y', 0.7162277660190968), ('m', 0.7142686334975029), ('n', 0.7141084665744063), ('s', 0.706434412087215), ('f', 0.7022803562017262), ('q', 0.6895091788044526), ('j', 0.5651064313381784), ('r', 0.557534745373353), ('i', 0.48786012178362853), ('l', 0.4874394953558506)]"
row1_3_preprocessed.bmp,345,0.6571428571428571,338,0.6145454545454545,275,0.5238095238095238,275,0.5,22.854825628548255,20.596918085969182,0.44601684956220927,0.46659328776117104,277382.66828872566,257123.01378751005,4.944256490762197e-06,4.455796232767806e-06,"[('n', 0.9789274104025067), ('m', 0.9368225563539945), ('e', 0.9230573008215539), ('w', 0.8702365744825397), ('o', 0.8627062653933736), ('t', 0.8492094313305698), ('g', 0.8243821929666973), ('s', 0.8205510176925044), ('x', 0.8016434609809355), ('f', 0.8001085327691322), ('p', 0.7997135160719832), ('c', 0.7982575682275365), ('v', 0.7954309669256276), ('u', 0.7937252438164154), ('a', 0.7835718540012119), ('h', 0.7678493263496623), ('q', 0.7665909954287466), ('z', 0.7458136471491889), ('b', 0.7334461132214454), ('y', 0.7303935961059803), ('d', 0.7114396696539061), ('k', 0.6778559250111258), ('r', 0.6013451768282232), ('j', 0.5571057850150208), ('i', 0.5369333203568014), ('l', 0.5365820168158645)]"
row1_8_preprocessed.bmp,282,0.47,341,0.5456,421,0.6746794871794872,415,0.6384615384615384,26.930089102124743,23.54626456477039,0.5186017820424949,0.46971384509938313,250439.62714187798,329216.86908841686,4.312263377079482e-06,3.7704180615456088e-06,"[('a', 0.9494353258797226), ('u', 0.9208207277963502), ('g', 0.839445840673577), ('o', 0.827805686537642), ('e', 0.8038942467645013), ('x', 0.7960726448741343), ('w', 0.7923815998085418), ('d', 0.7844451332740412), ('z', 0.7772613866546919), ('c', 0.7748082737396029), ('n', 0.7710038803919705), ('s', 0.7703007262192643), ('b', 0.750955434322925), ('m', 0.7501272452300638), ('t', 0.7460977949402361), ('h', 0.7435871436234947), ('v', 0.7319427233034316), ('p', 0.719355986436201), ('k', 0.7129524304936837), ('q', 0.7084205647118419), ('f', 0.6953804884458252), ('y', 0.6719441301049096), ('j', 0.5832887588230522), ('r', 0.5553282246632169), ('i', 0.5404451836132452), ('l', 0.539925245033172)]"
row1_15_preprocessed.bmp,324,0.5184,317,0.5072,347,0.5338461538461539,336,0.5169230769230769,25.34441087613293,23.974320241691842,0.4868882175226586,0.4688636784018743,282151.1268882175,288996.9486404858,3.897641042081189e-06,3.686938906834578e-06,"[('o', 0.9738444055641872), ('w', 0.9309908411565275), ('x', 0.9193737809212914), ('c', 0.8860254933830355), ('e', 0.8681717723648148), ('u', 0.8605365490472018), ('t', 0.8548201836393038), ('v', 0.8520575090398943), ('g', 0.8480632456625901), ('m', 0.8452072642230688), ('n', 0.8402868750074848), ('a', 0.838297189542466), ('s', 0.8167670949805586), ('h', 0.8148958599469542), ('p', 0.7926188689405967), ('b', 0.7925109138783735), ('d', 0.7784617856410662), ('q', 0.7742331294282285), ('f', 0.7734773995446953), ('z', 0.7654487828193), ('y', 0.7598803010516055), ('k', 0.7357174456801719), ('r', 0.584530592713259), ('j', 0.5653258019286874), ('i', 0.5098925339518566), ('l', 0.509511452036755)]"
row1_34_preprocessed.bmp,451,0.6507936507936508,236,0.325068870523416,378,0.5294117647058824,377,0.5040106951871658,35.39667128987517,18.346740638002775,0.5211616862102298,0.4130176342381613,322620.6296809983,432511.1040221932,4.264576469043814e-06,2.2104078026923543e-06,"[('h', 0.9790599839497938), ('b', 0.9108067616474795), ('c', 0.859164077968137), ('o', 0.8047804536764026), ('x', 0.8042403008873114), ('s', 0.8029157555421135), ('k', 0.7985491898905698), ('w', 0.7959384770822037), ('t', 0.7934452493556842), ('v', 0.7825048017484402), ('u', 0.7696905729159964), ('m', 0.768985778693909), ('n', 0.761046219163267), ('e', 0.7610104061771971), ('p', 0.7597109959547675), ('g', 0.7331109132076927), ('a', 0.7286829846322793), ('y', 0.7268452143222953), ('q', 0.698656035299194), ('f', 0.6973957492453876), ('d', 0.6714557539180817), ('z', 0.6698917159526309), ('r', 0.608885905320986), ('j', 0.5067240617024915), ('i', 0.49456866046900394), ('l', 0.494337265895175)]"
